<?xml version="1.0" encoding="UTF-8" ?>
<document>
<!--The data in this file is primarily intended for consumption by Xilinx tools.
The structure and the elements are likely to change over the next few releases.
This means code written to parse this file will need to be revisited each subsequent release.-->
<application name="pn" timeStamp="Sun Nov 04 12:39:20 2012">
<section name="Project Information" visible="false">
<property name="ProjectID" value="70C15AB797724286A2CA48CC8B5C1D9C" type="project"/>
<property name="ProjectIteration" value="175" type="project"/>
<property name="ProjectFile" value="C:/Users/shya/Desktop/Cyproject/final final final final final code/from web/AN65974_ExampleProjectfiles/Loopback/fpga_write/fpga_write.xise" type="project"/>
<property name="ProjectCreationTimestamp" value="2012-08-10T11:39:30" type="project"/>
</section>
<section name="Project Statistics" visible="true">
<property name="PROP_Enable_Message_Filtering" value="false" type="design"/>
<property name="PROP_FitterReportFormat" value="HTML" type="process"/>
<property name="PROP_LastAppliedGoal" value="Balanced" type="design"/>
<property name="PROP_LastAppliedStrategy" value="Xilinx Default (unlocked)" type="design"/>
<property name="PROP_ManualCompileOrderImp" value="false" type="design"/>
<property name="PROP_PropSpecInProjFile" value="Store all values" type="design"/>
<property name="PROP_SelectedInstanceHierarchicalPath" value="/testbench" type="process"/>
<property name="PROP_Simulator" value="ISim (VHDL/Verilog)" type="design"/>
<property name="PROP_SynthTopFile" value="changed" type="process"/>
<property name="PROP_Top_Level_Module_Type" value="HDL" type="design"/>
<property name="PROP_UseSmartGuide" value="false" type="design"/>
<property name="PROP_UserConstraintEditorPreference" value="Text Editor" type="process"/>
<property name="PROP_intProjectCreationTimestamp" value="2012-08-10T11:39:30" type="design"/>
<property name="PROP_intWbtProjectID" value="70C15AB797724286A2CA48CC8B5C1D9C" type="design"/>
<property name="PROP_intWbtProjectIteration" value="175" type="process"/>
<property name="PROP_intWorkingDirLocWRTProjDir" value="Same" type="design"/>
<property name="PROP_intWorkingDirUsed" value="No" type="design"/>
<property name="PROP_lockPinsUcfFile" value="changed" type="process"/>
<property name="PROP_selectedSimRootSourceNode_behav" value="work.testbench" type="process"/>
<property name="PROP_xilxBitgCfg_GenOpt_ASCIIFile" value="true" type="process"/>
<property name="PROP_xilxBitgCfg_GenOpt_Compress" value="true" type="process"/>
<property name="PROP_xilxBitgCfg_GenOpt_IEEE1532File_spartan6" value="true" type="process"/>
<property name="PROP_xilxBitgStart_IntDone" value="true" type="process"/>
<property name="PROPEXT_mapTimingMode_spartan6" value="Non Timing Driven" type="process"/>
<property name="PROP_AutoTop" value="true" type="design"/>
<property name="PROP_DevFamily" value="Spartan6" type="design"/>
<property name="PROP_xilxBitgCfg_GenOpt_BinaryFile" value="true" type="process"/>
<property name="PROP_xilxBitgCfg_GenOpt_DbgBitStr" value="true" type="process"/>
<property name="PROP_xilxBitgCfg_GenOpt_RetryConfigCRCError_spartan6" value="true" type="process"/>
<property name="PROP_DevDevice" value="xc6slx16" type="design"/>
<property name="PROP_DevFamilyPMName" value="spartan6" type="design"/>
<property name="PROP_DevPackage" value="csg324" type="design"/>
<property name="PROP_Synthesis_Tool" value="XST (VHDL/Verilog)" type="design"/>
<property name="PROP_DevSpeed" value="-3" type="design"/>
<property name="PROP_PreferredLanguage" value="Verilog" type="design"/>
<property name="FILE_COREGEN" value="1" type="source"/>
<property name="FILE_UCF" value="1" type="source"/>
<property name="FILE_VERILOG" value="1" type="source"/>
<property name="FILE_VHDL" value="1" type="source"/>
</section>
</application>
</document>
