<?xml version="1.0"?>
<Interface Version="1" Minor="1">
	<Ifc Id="ROOT" Top="1">
		<Bus Id="fdata">
			<Port Id="7" Dir="INOUT"/>
			<Port Id="6" Dir="INOUT"/>
			<Port Id="5" Dir="INOUT"/>
			<Port Id="4" Dir="INOUT"/>
			<Port Id="3" Dir="INOUT"/>
			<Port Id="2" Dir="INOUT"/>
			<Port Id="1" Dir="INOUT"/>
			<Port Id="0" Dir="INOUT"/>
		</Bus>
		<Bus Id="faddr">
			<Port Id="1" Dir="OUT"/>
			<Port Id="0" Dir="OUT"/>
		</Bus>
		<Port Id="slrd" Dir="OUT"/>
		<Port Id="slwr" Dir="OUT"/>
		<Port Id="flagd" Dir="IN"/>
		<Port Id="flaga" Dir="IN"/>
		<Port Id="clk" Dir="IN"/>
		<Port Id="sloe" Dir="OUT"/>
	</Ifc>
</Interface>

