<?xml version="1.0" encoding="UTF-8"?><?xml-stylesheet type='text/xsl' href='_UpgradeReport_Files/UpgradeReport.xslt'?><UpgradeLog>
<Properties><Property Name="Solution" Value="Template">
</Property><Property Name="Solution File" Value="C:\Example_Project_09_Q3\VIVK_Bulk_App\Template\Template.sln">
</Property><Property Name="User Options File" Value="C:\Example_Project_09_Q3\VIVK_Bulk_App\Template\Template.suo">
</Property><Property Name="Date" Value="Thursday, September 17, 2009">
</Property><Property Name="Time" Value="15:38 PM">
</Property></Properties><Event ErrorLevel="0" Project="" Source="Template.sln" Description="File successfully backed up as C:\Example_Project_09_Q3\VIVK_Bulk_App\Template\Backup\Template.sln">
</Event><Event ErrorLevel="0" Project="" Source="Template.suo" Description="File successfully backed up as C:\Example_Project_09_Q3\VIVK_Bulk_App\Template\Backup\Template.suo">
</Event><Event ErrorLevel="0" Project="Template" Source="Template.csproj" Description="Project file successfully backed up as C:\Example_Project_09_Q3\VIVK_Bulk_App\Template\Backup\Template.csproj">
</Event><Event ErrorLevel="0" Project="Template" Source="Form1.cs" Description="File successfully backed up as C:\Example_Project_09_Q3\VIVK_Bulk_App\Template\Backup\Form1.cs">
</Event><Event ErrorLevel="0" Project="Template" Source="Form1.Designer.cs" Description="File successfully backed up as C:\Example_Project_09_Q3\VIVK_Bulk_App\Template\Backup\Form1.Designer.cs">
</Event><Event ErrorLevel="0" Project="Template" Source="Program.cs" Description="File successfully backed up as C:\Example_Project_09_Q3\VIVK_Bulk_App\Template\Backup\Program.cs">
</Event><Event ErrorLevel="0" Project="Template" Source="Properties\AssemblyInfo.cs" Description="File successfully backed up as C:\Example_Project_09_Q3\VIVK_Bulk_App\Template\Backup\Properties\AssemblyInfo.cs">
</Event><Event ErrorLevel="0" Project="Template" Source="Properties\Resources.Designer.cs" Description="File successfully backed up as C:\Example_Project_09_Q3\VIVK_Bulk_App\Template\Backup\Properties\Resources.Designer.cs">
</Event><Event ErrorLevel="0" Project="Template" Source="Properties\Settings.Designer.cs" Description="File successfully backed up as C:\Example_Project_09_Q3\VIVK_Bulk_App\Template\Backup\Properties\Settings.Designer.cs">
</Event><Event ErrorLevel="0" Project="Template" Source="Properties\Settings.settings" Description="File successfully backed up as C:\Example_Project_09_Q3\VIVK_Bulk_App\Template\Backup\Properties\Settings.settings">
</Event><Event ErrorLevel="0" Project="Template" Source="Form1.resx" Description="File successfully backed up as C:\Example_Project_09_Q3\VIVK_Bulk_App\Template\Backup\Form1.resx">
</Event><Event ErrorLevel="0" Project="Template" Source="Properties\Resources.resx" Description="File successfully backed up as C:\Example_Project_09_Q3\VIVK_Bulk_App\Template\Backup\Properties\Resources.resx">
</Event><Event ErrorLevel="0" Project="Template" Source="Template.csproj" Description="Project converted successfully">
</Event><Event ErrorLevel="3" Project="Template" Source="Template.csproj" Description="Converted">
</Event><Event ErrorLevel="0" Project="" Source="Template.sln" Description="Solution converted successfully">
</Event><Event ErrorLevel="3" Project="" Source="Template.sln" Description="Converted">
</Event><Event ErrorLevel="0" Project="Template" Source="Template.csproj" Description="Scan complete: Upgrade not required for project files.">
</Event></UpgradeLog>